{
    "apple": {
        "precision": 0.9444444444444444,
        "recall": 1.0,
        "f1-score": 0.9714285714285714,
        "support": 17.0
    },
    "bat": {
        "precision": 0.7142857142857143,
        "recall": 1.0,
        "f1-score": 0.8333333333333334,
        "support": 10.0
    },
    "beetle": {
        "precision": 1.0,
        "recall": 1.0,
        "f1-score": 1.0,
        "support": 10.0
    },
    "bell": {
        "precision": 1.0,
        "recall": 0.9523809523809523,
        "f1-score": 0.975609756097561,
        "support": 21.0
    },
    "bird": {
        "precision": 0.9230769230769231,
        "recall": 0.7058823529411765,
        "f1-score": 0.8,
        "support": 17.0
    },
    "bone": {
        "precision": 0.9333333333333333,
        "recall": 0.9333333333333333,
        "f1-score": 0.9333333333333333,
        "support": 15.0
    },
    "accuracy": 0.9222222222222223,
    "macro avg": {
        "precision": 0.9191900691900692,
        "recall": 0.9319327731092438,
        "f1-score": 0.9189508323654665,
        "support": 90.0
    },
    "weighted avg": {
        "precision": 0.9321191154524487,
        "recall": 0.9222222222222223,
        "f1-score": 0.9215047102851982,
        "support": 90.0
    }
}